{"MasterBedroom-33296": {"1": {"param7": [1.0406779999999998, 1.098808, 0.4491219999999996, -5.370314764104733, 0.0, -4.066067038275899, 0], "8points": [[-5.890653764104733, 0.0, -4.290628038275899], [-5.890653764104733, 0.0, -3.841506038275899], [-5.890653764104733, 1.098808, -4.290628038275899], [-5.890653764104733, 1.098808, -3.841506038275899], [-4.849975764104733, 0.0, -4.290628038275899], [-4.849975764104733, 0.0, -3.841506038275899], [-4.849975764104733, 1.098808, -4.290628038275899], [-4.849975764104733, 1.098808, -3.841506038275899]], "scale": [1, 1, 1], "model_path": "/media/ymxlzgy/Data/Dataset/3D-FRONT/3D-FUTURE-model/1791e0c9-15fc-4fa9-80df-e73332ed6ce0/raw_model.obj"}, "2": {"param7": [0.48633499999999996, 0.607177, 0.4845579999999998, -2.560559506120386, 0.0, -4.061041670654544, 0], "8points": [[-2.803745506120386, 0.0, -4.303502670654543], [-2.803745506120386, 0.0, -3.8189446706545436], [-2.803745506120386, 0.607177, -4.303502670654543], [-2.803745506120386, 0.607177, -3.8189446706545436], [-2.3174105061203862, 0.0, -4.303502670654543], [-2.3174105061203862, 0.0, -3.8189446706545436], [-2.3174105061203862, 0.607177, -4.303502670654543], [-2.3174105061203862, 0.607177, -3.8189446706545436]], "scale": [1, 1, 1], "model_path": "/media/ymxlzgy/Data/Dataset/3D-FRONT/3D-FUTURE-model/62319141-32fa-4353-b2ff-ec31ca232e3e/raw_model.obj"}, "3": {"param7": [0.5164280000000003, 0.459586, 0.5169589999999997, -5.209674750434523, 0.0, -3.495716691618656, -1.5707872225948964], "8points": [[-4.951086101277139, 0.0, -3.753933045872137], [-5.468045101255714, 0.0, -3.753928339374009], [-4.951086101277139, 0.459586, -3.753933045872137], [-5.468045101255714, 0.459586, -3.753928339374009], [-4.951081399613341, 0.0, -3.2375050458935393], [-5.468040399591916, 0.0, -3.2375003393954116], [-4.951081399613341, 0.459586, -3.2375050458935393], [-5.468040399591916, 0.459586, -3.2375003393954116]], "scale": [1, 1, 1], "model_path": "/media/ymxlzgy/Data/Dataset/3D-FRONT/3D-FUTURE-model/9df2949c-074e-4b18-b779-b88a074f9590/raw_model.obj"}, "4": {"param7": [2.10004, 1.5628199694824, 2.3316999999999997, -3.8389265345624257, 0.0, -3.056672030098832, 0], "8points": [[-4.8883765345624255, 3.0517600002610834e-08, -4.223262030098832], [-4.8883765345624255, 3.0517600002610834e-08, -1.8915620300988323], [-4.8883765345624255, 1.56282, -4.223262030098832], [-4.8883765345624255, 1.56282, -1.8915620300988323], [-2.7883365345624256, 3.0517600002610834e-08, -4.223262030098832], [-2.7883365345624256, 3.0517600002610834e-08, -1.8915620300988323], [-2.7883365345624256, 1.56282, -4.223262030098832], [-2.7883365345624256, 1.56282, -1.8915620300988323]], "scale": [1, 1, 1], "model_path": "/media/ymxlzgy/Data/Dataset/3D-FRONT/3D-FUTURE-model/6c185b06-6b95-45d0-bad2-fea9895e1e5a/raw_model.obj"}, "5": {"param7": [0.8127560000000003, 1.032781, 0.41430599999999984, -5.16852, 0.0, -1.3732266743977866, -3.141592653589793], "8points": [[-4.762142, 0.0, -1.1660746743977866], [-4.762142, 0.0, -1.5803806743977864], [-4.762142, 1.032781, -1.1660746743977866], [-4.762142, 1.032781, -1.5803806743977864], [-5.574898, 0.0, -1.1660746743977866], [-5.574898, 0.0, -1.5803806743977866], [-5.574898, 1.032781, -1.1660746743977866], [-5.574898, 1.032781, -1.5803806743977866]], "scale": [1, 1, 1], "model_path": "/media/ymxlzgy/Data/Dataset/3D-FRONT/3D-FUTURE-model/8f4f873e-6974-4126-8c16-ab7d85204903/raw_model.obj"}, "6": {"param7": [0.8236240000000001, 0.807919, 0.823493, -4.06966, 1.8820679950714112, -2.61897, 0], "8points": [[-4.481255, 1.8820679950714112, -3.030796], [-4.481255, 1.8820679950714112, -2.207303], [-4.481255, 2.6899869950714113, -3.030796], [-4.481255, 2.6899869950714113, -2.207303], [-3.657631, 1.8820679950714112, -3.030796], [-3.657631, 1.8820679950714112, -2.207303], [-3.657631, 2.6899869950714113, -3.030796], [-3.657631, 2.6899869950714113, -2.207303]], "scale": [1, 1, 1], "model_path": "/media/ymxlzgy/Data/Dataset/3D-FRONT/3D-FUTURE-model/bd2a6793-4c84-49a6-9311-3cc71701dccc/raw_model.obj"}, "7": {"param7": [2.962778, 2.39078, 0.6670359999999997, -2.153817233615451, 0.0, -2.706551157226562, -1.5707872225948964], "8points": [[-1.82024472049101, 0.0, -4.18794319419883], [-2.4872807204633656, 0.0, -4.1879371213696786], [-1.82024472049101, 2.39078, -4.18794319419883], [-2.4872807204633656, 2.39078, -4.1879371213696786], [-1.820217746767542, 0.0, -1.2251651943216169], [-2.487253746739898, 0.0, -1.2251591214924655], [-1.820217746767542, 2.39078, -1.2251651943216169], [-2.487253746739898, 2.39078, -1.2251591214924655]], "scale": [1, 1, 1], "model_path": "/media/ymxlzgy/Data/Dataset/3D-FRONT/3D-FUTURE-model/e0d0379b-0835-482f-836a-5803975ade24/raw_model.obj"}, "8": {"param7": [5.82, 0.0, 3.0749999999999997, -3.4582392686804453, 0.0, -2.5683879173290936, 0], "8points": [[-5.8365, 0.0, -4.2375], [-0.016499999999999737, 0.0, -4.2375], [-0.016499999999999737, 0.0, -4.2375], [-5.8365, 0.0, -4.2375], [-5.8365, 0.0, -1.1625000000000003], [-0.016499999999999737, 0.0, -1.1625000000000003], [-0.016499999999999737, 0.0, -1.1625000000000003], [-5.8365, 0.0, -1.1625000000000003]], "scale": [1, 1, 1], "model_path": null}, "scene_center": [-2.9265, 0.0, -2.7]}}