{
  "Lounge": {
    "1": {
      "object": "dining_table",
      "param7": [
        1.0,
        1.19910264,
        1.85039008,
        1.28,
        -0.05465877,
        -0.0737310648,
        0.0
      ],
      "8points": [
        [
          0.78,
          -0.6542101,
          -0.9989261
        ],
        [
          0.78,
          -0.6542101,
          0.851464
        ],
        [
          0.78,
          0.54489255,
          -0.9989261
        ],
        [
          0.78,
          0.54489255,
          0.851464
        ],
        [
          1.78,
          -0.6542101,
          -0.9989261
        ],
        [
          1.78,
          -0.6542101,
          0.851464
        ],
        [
          1.78,
          0.54489255,
          -0.9989261
        ],
        [
          1.78,
          0.54489255,
          0.851464
        ]
      ],
      "scale": [
        1.0,
        1.0,
        1.0
      ],
      "model_path": null
    },
    "2": {
      "object": "bookshelf",
      "param7": [
        0.5291753,
        2.22839856,
        0.9605723,
        -3.07976866,
        0.473198742,
        0.5811231,
        0.0
      ],
      "8points": [
        [
          -3.3443563,
          -0.6410005,
          0.100836962
        ],
        [
          -3.3443563,
          -0.6410005,
          1.06140924
        ],
        [
          -3.3443563,
          1.587398,
          0.100836962
        ],
        [
          -3.3443563,
          1.587398,
          1.06140924
        ],
        [
          -2.815181,
          -0.6410005,
          0.100836962
        ],
        [
          -2.815181,
          -0.6410005,
          1.06140924
        ],
        [
          -2.815181,
          1.587398,
          0.100836962
        ],
        [
          -2.815181,
          1.587398,
          1.06140924
        ]
      ],
      "scale": [
        1.0,
        1.0,
        1.0
      ],
      "model_path": null
    },
    "3": {
      "object": "table",
      "param7": [
        2.44113064,
        0.885994,
        1.46627438,
        -0.7400001,
        -0.228853151,
        2.82,
        1.57079637
      ],
      "8points": [
        [
          -1.96056545,
          -0.671850145,
          2.0868628
        ],
        [
          -1.96056545,
          -0.671850145,
          3.553137
        ],
        [
          -1.96056545,
          0.214143857,
          2.0868628
        ],
        [
          -1.96056545,
          0.214143857,
          3.553137
        ],
        [
          0.4805652,
          -0.671850145,
          2.0868628
        ],
        [
          0.4805652,
          -0.671850145,
          3.553137
        ],
        [
          0.4805652,
          0.214143857,
          2.0868628
        ],
        [
          0.4805652,
          0.214143857,
          3.553137
        ]
      ],
      "scale": [
        1.0,
        1.0,
        1.0
      ],
      "model_path": null
    },
    "4": {
      "object": "bookshelf",
      "param7": [
        0.460713118,
        1.76004386,
        0.9345598,
        3.24,
        0.306306183,
        0.6429999,
        3.14159274
      ],
      "8points": [
        [
          3.00964355,
          -0.573715746,
          0.175719976
        ],
        [
          3.00964355,
          -0.573715746,
          1.1102798
        ],
        [
          3.00964355,
          1.18632817,
          0.175719976
        ],
        [
          3.00964355,
          1.18632817,
          1.1102798
        ],
        [
          3.47035646,
          -0.573715746,
          0.175719976
        ],
        [
          3.47035646,
          -0.573715746,
          1.1102798
        ],
        [
          3.47035646,
          1.18632817,
          0.175719976
        ],
        [
          3.47035646,
          1.18632817,
          1.1102798
        ]
      ],
      "scale": [
        1.0,
        1.0,
        1.0
      ],
      "model_path": null
    },
    "5": {
      "object": "chair",
      "param7": [
        0.9463484,
        1.23302448,
        0.9552866,
        -0.0530107468,
        0.00550669432,
        -2.14109015,
        5.840043
      ],
      "8points": [
        [
          -0.526185,
          -0.611005545,
          -2.61873341
        ],
        [
          -0.526185,
          -0.611005545,
          -1.6634469
        ],
        [
          -0.526185,
          0.622018933,
          -2.61873341
        ],
        [
          -0.526185,
          0.622018933,
          -1.6634469
        ],
        [
          0.420163453,
          -0.611005545,
          -2.61873341
        ],
        [
          0.420163453,
          -0.611005545,
          -1.6634469
        ],
        [
          0.420163453,
          0.622018933,
          -2.61873341
        ],
        [
          0.420163453,
          0.622018933,
          -1.6634469
        ]
      ],
      "scale": [
        1.0,
        1.0,
        1.0
      ],
      "model_path": null
    },
    "6": {
      "object": "desk",
      "param7": [
        0.9506683,
        0.8937819,
        1.81821394,
        -1.04355526,
        -0.118226051,
        -2.53644443,
        0.0
      ],
      "8points": [
        [
          -1.51888943,
          -0.565117,
          -3.4455514
        ],
        [
          -1.51888943,
          -0.565117,
          -1.62733746
        ],
        [
          -1.51888943,
          0.3286649,
          -3.4455514
        ],
        [
          -1.51888943,
          0.3286649,
          -1.62733746
        ],
        [
          -0.5682211,
          -0.565117,
          -3.4455514
        ],
        [
          -0.5682211,
          -0.565117,
          -1.62733746
        ],
        [
          -0.5682211,
          0.3286649,
          -3.4455514
        ],
        [
          -0.5682211,
          0.3286649,
          -1.62733746
        ]
      ],
      "scale": [
        1.0,
        1.0,
        1.0
      ],
      "model_path": null
    },
    "7": {
      "object": "sofa",
      "param7": [
        1.0,
        0.8720015,
        2.45775986,
        -2.636,
        -0.106337622,
        -2.24955559,
        4.712389
      ],
      "8points": [
        [
          -3.136,
          -0.5423384,
          -3.47843552
        ],
        [
          -3.136,
          -0.5423384,
          -1.02067566
        ],
        [
          -3.136,
          0.329663157,
          -3.47843552
        ],
        [
          -3.136,
          0.329663157,
          -1.02067566
        ],
        [
          -2.136,
          -0.5423384,
          -3.47843552
        ],
        [
          -2.136,
          -0.5423384,
          -1.02067566
        ],
        [
          -2.136,
          0.329663157,
          -3.47843552
        ],
        [
          -2.136,
          0.329663157,
          -1.02067566
        ]
      ],
      "scale": [
        1.0,
        1.0,
        1.0
      ],
      "model_path": null
    },
    "8": {
      "object": "cabinet",
      "param7": [
        0.6373377,
        1.99792528,
        1.0,
        1.29933333,
        0.393399835,
        -1.52,
        4.712389
      ],
      "8points": [
        [
          0.9806645,
          -0.6055628,
          -2.02
        ],
        [
          0.9806645,
          -0.6055628,
          -1.02
        ],
        [
          0.9806645,
          1.39236248,
          -2.02
        ],
        [
          0.9806645,
          1.39236248,
          -1.02
        ],
        [
          1.61800218,
          -0.6055628,
          -2.02
        ],
        [
          1.61800218,
          -0.6055628,
          -1.02
        ],
        [
          1.61800218,
          1.39236248,
          -2.02
        ],
        [
          1.61800218,
          1.39236248,
          -1.02
        ]
      ],
      "scale": [
        1.0,
        1.0,
        1.0
      ],
      "model_path": null
    },